pest_file,model_file
sfr.csv.ins,sfr.csv
heads.csv.ins,heads.csv
hds_3_0_2.csv.ins,hds_3_0_2.csv
hds_21_0_1.csv.ins,hds_21_0_1.csv
hds_21_0_0.csv.ins,hds_21_0_0.csv
hds_17_0_2.csv.ins,hds_17_0_2.csv
hds_3_0_1.csv.ins,hds_3_0_1.csv
hds_17_0_0.csv.ins,hds_17_0_0.csv
hds_21_0_2.csv.ins,hds_21_0_2.csv
hds_17_0_1.csv.ins,hds_17_0_1.csv
hds_3_0_0.csv.ins,hds_3_0_0.csv
hds_2_0_1.csv.ins,hds_2_0_1.csv
hds_20_0_2.csv.ins,hds_20_0_2.csv
hds_16_0_0.csv.ins,hds_16_0_0.csv
hds_16_0_1.csv.ins,hds_16_0_1.csv
hds_2_0_0.csv.ins,hds_2_0_0.csv
hds_2_0_2.csv.ins,hds_2_0_2.csv
hds_20_0_1.csv.ins,hds_20_0_1.csv
hds_16_0_2.csv.ins,hds_16_0_2.csv
hds_20_0_0.csv.ins,hds_20_0_0.csv
hds_14_0_0.csv.ins,hds_14_0_0.csv
hds_22_0_2.csv.ins,hds_22_0_2.csv
hds_9_0_2.csv.ins,hds_9_0_2.csv
hds_0_0_1.csv.ins,hds_0_0_1.csv
hds_0_0_0.csv.ins,hds_0_0_0.csv
hds_14_0_1.csv.ins,hds_14_0_1.csv
hds_22_0_1.csv.ins,hds_22_0_1.csv
hds_9_0_1.csv.ins,hds_9_0_1.csv
hds_0_0_2.csv.ins,hds_0_0_2.csv
hds_9_0_0.csv.ins,hds_9_0_0.csv
hds_22_0_0.csv.ins,hds_22_0_0.csv
hds_14_0_2.csv.ins,hds_14_0_2.csv
hds_8_0_1.csv.ins,hds_8_0_1.csv
hds_23_0_1.csv.ins,hds_23_0_1.csv
hds_1_0_2.csv.ins,hds_1_0_2.csv
hds_15_0_2.csv.ins,hds_15_0_2.csv
hds_23_0_0.csv.ins,hds_23_0_0.csv
hds_8_0_0.csv.ins,hds_8_0_0.csv
hds_8_0_2.csv.ins,hds_8_0_2.csv
hds_23_0_2.csv.ins,hds_23_0_2.csv
hds_15_0_0.csv.ins,hds_15_0_0.csv
hds_1_0_1.csv.ins,hds_1_0_1.csv
hds_1_0_0.csv.ins,hds_1_0_0.csv
hds_15_0_1.csv.ins,hds_15_0_1.csv
hds_19_0_2.csv.ins,hds_19_0_2.csv
hds_4_0_0.csv.ins,hds_4_0_0.csv
hds_10_0_1.csv.ins,hds_10_0_1.csv
hds_10_0_0.csv.ins,hds_10_0_0.csv
hds_4_0_1.csv.ins,hds_4_0_1.csv
hds_19_0_1.csv.ins,hds_19_0_1.csv
hds_10_0_2.csv.ins,hds_10_0_2.csv
hds_4_0_2.csv.ins,hds_4_0_2.csv
hds_19_0_0.csv.ins,hds_19_0_0.csv
hds_18_0_1.csv.ins,hds_18_0_1.csv
hds_11_0_2.csv.ins,hds_11_0_2.csv
hds_18_0_0.csv.ins,hds_18_0_0.csv
hds_5_0_2.csv.ins,hds_5_0_2.csv
hds_5_0_0.csv.ins,hds_5_0_0.csv
hds_18_0_2.csv.ins,hds_18_0_2.csv
hds_11_0_1.csv.ins,hds_11_0_1.csv
hds_11_0_0.csv.ins,hds_11_0_0.csv
hds_5_0_1.csv.ins,hds_5_0_1.csv
hds_13_0_2.csv.ins,hds_13_0_2.csv
hds_7_0_2.csv.ins,hds_7_0_2.csv
hds_13_0_1.csv.ins,hds_13_0_1.csv
hds_7_0_0.csv.ins,hds_7_0_0.csv
hds_7_0_1.csv.ins,hds_7_0_1.csv
hds_13_0_0.csv.ins,hds_13_0_0.csv
hds_12_0_1.csv.ins,hds_12_0_1.csv
hds_6_0_0.csv.ins,hds_6_0_0.csv
hds_6_0_1.csv.ins,hds_6_0_1.csv
hds_12_0_0.csv.ins,hds_12_0_0.csv
hds_24_0_2.csv.ins,hds_24_0_2.csv
hds_24_0_0.csv.ins,hds_24_0_0.csv
hds_12_0_2.csv.ins,hds_12_0_2.csv
hds_6_0_2.csv.ins,hds_6_0_2.csv
hds_24_0_1.csv.ins,hds_24_0_1.csv
